7.308781907,4.100808115,2.077148413,1
6.588672395,7.107396276,1.527362013,1
9.398653888,9.471949177,9.370821489,1
9.13962876,1.593395515,3.690025584,1
1.15967088,7.705358801,6.598927087,0
7.616746929,6.239725372,8.792629644,1
8.052277715,0.05025176,5.231351558,1
7.050099543,2.750299496,0.753877989,1
5.771002614,2.049135458,6.233638106,0
0.012985768,6.835265035,4.862595823,0
5.403970648,9.738340099,2.454265536,1
8.45655668,4.065408324,9.498398488,0
8.899087517,0.383268933,5.923792439,1
2.288019824,9.918821104,5.862483976,0
2.067375074,3.746495003,4.633497876,0
2.907321966,0.514483676,1.835401952,0
6.304048639,9.095840356,5.076599161,1
1.16670302,1.368304686,5.460894066,0
9.624145927,2.094927335,1.726488209,1
8.011570656,1.098410575,5.187868594,1
6.990066224,2.046355522,2.549094513,1
1.743710969,6.995915768,9.289718539,0
8.363149478,1.631035274,6.374974299,1
6.544260179,3.728733094,9.10566209,1
7.070442261,7.233716462,5.094929197,1
1.396138095,5.965788023,9.472601686,0
1.236712285,6.169513867,4.818623553,1
0.63449243,5.908697997,2.840091674,0
0.730260202,0.740479273,6.799354202,0
3.533391894,1.549749948,3.667713158,0
5.986324883,2.920934114,8.764426533,0
5.397618625,6.418366935,9.706215452,1
7.298239289,8.867444224,0.437026983,1
3.386552909,2.991262511,0.842521051,1
7.638204882,4.277000814,9.991834308,1
6.304712234,5.528079207,5.434191028,1
9.072811901,2.464856313,2.484887671,1
8.540497771,7.777116836,2.16406663,1
0.244721298,4.510085026,3.691343155,0
1.310681131,0.420465272,8.242939221,0
7.433696228,9.291026104,5.898935295,1
0.0835173,5.463739749,8.355200336,0
8.805986698,6.304014408,9.288937133,1
2.559626513,2.413355732,4.242532409,0
3.786228754,7.866092458,7.127521678,1
7.975630576,5.270359372,4.176354008,1
6.670733532,4.264430474,4.005571613,1
5.472240204,0.75407576,6.511446584,0
5.127188234,4.786758722,1.311688131,1
4.496849096,2.678978546,9.47847839,0
7.779502724,2.88100716,7.813547336,1
9.657951146,7.803252822,3.170248932,1
1.30221928,2.344740875,6.56082439,0
9.002531403,0.358948745,3.764263231,1
7.237512084,7.769909657,2.422761428,1
5.690815813,4.540692393,4.697350502,1
6.379468961,3.033671448,0.653970211,1
3.350690494,5.793621872,5.213967309,1
3.719405135,8.571270427,8.070763655,1
0.993212948,6.798073356,4.161747198,0
0.743613763,6.091410814,1.786623594,0
1.535480128,9.303413671,4.595105516,1
6.912259325,3.490107239,2.281355023,1
3.379349946,8.337981822,3.882611173,1
3.489813877,0.530934643,6.061902042,0
6.61555582,8.852840568,1.891668282,1
6.864305833,2.245738702,4.445994347,1
1.059359913,9.83462716,6.010313677,1
8.157702415,1.555786351,4.534042359,1
8.912893765,1.561528969,7.461969601,1
6.961128823,0.948774052,9.58808055,0
6.775947515,4.540749503,2.745849945,1
4.699535995,8.196823892,9.690972473,1
8.717937212,0.517524781,7.261926054,0
1.003753698,8.189424032,7.478598073,1
2.264570759,4.613744284,9.307334603,0
9.451020902,0.275738906,7.469231771,1
5.005414179,0.965814306,1.443545067,1
8.187796102,2.148099348,8.337721029,1
8.264130598,2.981653916,1.588644952,1
4.61382709,1.196398125,5.105833271,1
5.670332023,3.709958577,9.3414562,0
8.822351982,8.799772069,0.604598841,1
8.070985709,6.609951738,2.855527646,1
2.929819962,8.855046786,5.443435774,1
9.857786921,9.458034984,9.471917158,1
2.49284965,7.966813038,7.079271001,1
7.181457848,9.030188632,4.251469147,1
9.611818478,2.381134913,4.53188192,1
5.499313036,4.547298865,7.26117967,0
8.643764331,7.989181522,3.497806067,1
3.307223602,5.052657192,1.645981987,0
6.696159391,5.177063829,5.543976035,1
5.192355123,2.020534005,3.459390869,0
4.783721386,8.752899736,4.124412921,1
5.21825919,4.341976071,3.102072663,1
8.519218163,0.491338523,8.89825868,1
7.171533348,8.270075364,3.842124802,1
7.714686577,3.593386448,6.03125252,1
3.0571864,4.715444875,3.461687961,0
6.432766186,0.67800527,6.027195011,0
0.017997105,2.625870096,3.207672379,0
9.344963074,1.733910707,1.655576542,1
9.408617466,0.951421371,4.085747424,1
5.819829327,4.4772178,4.135088827,1
5.727322052,8.398314314,9.791671468,1
7.217686739,7.214348252,5.210938451,1
9.272796027,1.984864435,0.320629008,1
5.330504538,2.677349408,7.464355387,0
5.191866616,9.395372796,7.082503261,1
5.296246867,7.213564798,5.289676136,1
7.80362572,3.629299455,7.821058919,0
2.621708905,3.937107555,9.658499257,0
8.528790547,6.060783859,9.265921515,1
7.688143887,0.990762672,4.201451916,0
9.189948108,6.502347365,2.309401829,1
0.070502432,2.37418165,3.620936741,0
4.072296814,2.713868709,0.884104109,0
4.720549021,0.806527026,5.389938652,0
5.192339994,9.342861935,8.906263942,1
9.470679599,2.751385513,3.385149388,1
9.414138177,9.343244958,6.085005659,1
0.434350421,2.79123655,7.768110196,0
1.746107875,7.182658935,4.883719774,0
4.868691581,9.167131354,4.716734811,1
4.379751358,2.791972684,4.478554301,0
4.437553346,0.183962878,9.592076508,0
0.698730367,6.259561464,8.970780912,0
4.918359513,8.508216276,1.963711789,1
4.122107561,7.589487178,9.116639504,1
0.921160262,4.264645294,2.102845369,0
7.504614741,3.609558306,6.425044042,1
9.623710094,0.441888411,1.77861274,1
4.048723537,3.098979172,3.57749482,1
8.227389827,1.960664497,2.62237821,1
5.733335219,8.026511037,9.562711001,1
4.503830712,4.272329441,5.193948213,1
1.610311273,2.864314264,4.259271686,0
3.87640338,0.059131702,9.081138229,0
4.084901347,0.694100345,0.742978874,0
8.179828429,7.894103337,7.799712682,1
1.206992955,3.208528279,6.563312928,0
0.577399323,7.450253028,9.534118643,0
9.6162018,2.036314871,8.70756086,1
6.497514673,1.640619178,9.824722374,1
1.838410657,0.250539583,9.059668068,0
7.115609604,1.335661449,5.514879595,0
2.779473032,6.053285795,9.300959847,0
8.624759499,6.816817083,9.358384873,1
5.459671174,8.905862211,3.454229369,1
5.729698409,5.048158078,1.97502494,1
1.213098827,3.055911497,9.904944043,0
3.38278294,4.858429856,0.080500715,0
1.221896822,0.302439687,4.290805064,0
1.754414093,2.454006829,6.921118011,0
2.907639787,5.826525496,0.218148809,0
9.387914895,3.58037813,1.227048998,1
4.383982029,8.899630904,5.98847309,1
6.949890761,1.972785054,4.022354937,0
8.139867823,5.948599605,4.449193584,1
1.615279209,5.037970986,0.361592446,1
2.284491366,0.816004626,4.794449706,1
0.589345645,6.398476794,2.719230651,0
8.512623758,5.594652194,5.563347807,0
2.68787731,8.769147707,6.315651898,1
5.556733348,6.162840472,4.379000194,1
0.517352547,9.00347956,4.48347757,1
0.490176157,3.260421027,7.266446278,0
6.701884267,1.225381878,9.596579962,0
4.046944247,1.101715487,9.558826086,0
3.97652648,2.13767056,5.599131485,0
7.252815327,8.700982648,5.107127701,0
0.598555806,9.113113992,4.046340063,1
0.539960961,7.796685374,7.54997013,0
6.955100261,8.699603676,6.358671212,1
3.629822353,5.17059819,2.954908058,0
6.080708547,1.205545513,6.696103545,0
4.387277365,0.158470553,8.355282956,0
3.524140321,5.676982415,2.070710409,1
3.769584544,4.596190626,3.536261341,1
8.661701576,0.463863484,1.94541967,1
3.041233556,0.367640405,9.613468236,0
8.472319468,0.36824045,1.399185165,0
4.376138814,0.721735157,2.396647165,0
8.660449649,9.513828264,2.465355159,1
4.992285273,0.547668956,9.29888963,0
8.338353814,6.064538109,3.909773474,1
9.433201967,4.83852584,9.159943515,1
7.569155789,6.613192902,7.865628415,0
8.943625265,7.912333761,5.979719875,1
6.48522132,3.7687476,8.36743553,1
6.843920945,0.349009549,1.17840111,0
7.191903635,3.141502235,5.178348463,0
3.592370394,2.354357397,8.426406088,0
6.423704799,8.05069722,1.358333559,1
7.175054689,4.078171581,5.350164666,1
4.971413211,4.738963382,3.816197185,1
1.066383224,7.236359395,7.816313984,0
6.411961967,8.200583704,7.717537102,1
8.389710197,0.518596417,9.115529409,0
7.896377671,6.876682314,4.800232205,1
6.931556298,6.397728444,8.801088244,0
5.137798692,4.47821091,8.517180706,1
4.108494008,7.739306383,1.359002864,1
6.939782616,7.686637329,6.880133262,1
6.370821298,9.752327628,3.581716587,1
8.704946707,4.21653134,2.963199961,1
2.424144603,1.764080956,5.417378004,0
0.965195526,0.115189571,4.564615645,0
1.371787957,2.816156037,2.757302318,0
9.336481508,3.794572045,9.386232598,1
5.822283938,7.185694436,6.743483098,1
2.017628791,6.156255923,8.137609081,0
7.867002679,0.909099441,1.055618148,1
5.288911523,1.736650848,9.986347771,0
3.387478571,1.575633244,6.463965443,0
5.671451154,5.305832879,8.271080893,1
6.16539369,0.302341632,6.688942865,0
4.019488208,1.33005432,9.463255242,0
4.599764537,6.915400404,3.404050421,1
0.141887418,0.163453703,6.891292841,0
7.705274333,7.258281063,2.673430685,1
9.215758219,0.80899304,9.963641662,1
9.896271776,3.450234555,2.783042763,1
4.899609032,4.962172238,7.263756956,0
7.25184767,2.602034181,3.264159916,1
9.89789272,7.174386475,2.704109194,0
9.373482106,6.777484932,1.205583672,1
3.999243813,8.879425065,4.803913206,1
1.852742018,7.385702904,1.044508516,1
2.427195549,9.671310281,9.449425179,1
4.969632461,2.952258687,8.623216503,0
5.900510099,9.37791559,2.585037181,0
6.944740248,2.415179985,1.114918656,1
5.353510039,8.611959348,6.977766098,1
7.969182917,5.338309118,7.300280786,1
1.602068568,1.128592311,2.810301185,0
0.358287668,6.304747852,0.29343919,1
2.033814371,9.113701725,2.452429208,1
7.331288801,0.862226198,1.512967544,1
7.018791624,0.825668022,5.269221297,0
7.072128269,8.551248441,6.903429722,1
6.746736966,1.139923175,2.916909892,0
2.124703047,8.34733332,5.609624006,1
6.027414526,5.434052837,2.855606067,1
0.500741719,3.465027675,2.311011392,1
9.47430863,2.425337671,4.079908418,1
5.05916095,2.407572774,0.377036054,0
4.016683618,2.098838926,1.149068303,0
0.018198383,0.090867614,9.208505742,0
0.953138207,9.095475912,1.270020038,1
2.888428898,8.762070058,1.44803399,1
1.358067495,8.54970489,6.638332435,1
3.093348667,2.274056368,5.136232867,0
9.311125007,6.429106428,3.496704957,0
2.316986233,0.172773862,9.150787864,0
4.43259662,7.774085279,5.893948552,1
3.686450811,1.393800201,7.903412345,0
9.370417124,4.858107407,2.503412391,1
8.308647723,1.98911074,6.9837062,1
2.89786455,4.904288343,4.6013087,1
4.883668415,3.961201082,3.513044835,0
5.248911379,1.266232405,5.558065637,1
1.552951796,6.577202095,8.389813006,0
4.164870792,5.526752606,1.281488927,1
2.664369218,4.068673072,6.612799891,1
1.43623655,4.469506649,9.481785828,1
6.819240413,1.882913786,6.132516738,0
4.704181785,6.30639579,0.415633622,0
2.341579505,0.732339802,9.175129511,0
0.229699016,4.688617854,5.523868111,0
7.388169455,9.787592419,0.116153518,1
7.160506307,2.22434524,4.925303769,1
8.816810731,6.482771847,9.439817026,0
7.933687934,7.328301792,9.573410438,1
8.408816952,9.616304714,2.568774675,1
8.388703446,1.620848493,9.142118542,1
4.169064707,2.470287728,0.609490533,0
5.163848939,0.649860613,9.748235025,1
4.443225851,4.598015478,1.074191933,1
6.71565315,5.353146688,2.839613228,1
0.170115481,8.040598674,6.445522093,1
0.035024099,8.368747939,6.481160935,1
1.529532032,8.796409898,1.811986716,1
3.983287643,9.925646581,1.131681063,1
1.593969628,7.730202087,8.934237873,1
6.998353011,1.956608666,7.162347838,1
9.563926604,7.163775071,6.688377722,1
5.459083371,4.600678128,7.317245683,1
7.271202895,4.297780239,5.341226453,1
9.145614328,2.821939019,4.493184831,1
6.758455509,6.147005439,7.811695086,1
6.450945598,7.89504192,8.540612473,0
6.92594999,3.460810942,8.098282349,1
1.404173126,2.650109558,1.729599913,0
9.307746884,9.516653417,2.321608182,1
0.591832227,1.121767759,1.630734283,0
1.215682252,0.002309073,9.520414234,0
5.158894216,6.285063682,8.67706905,1
8.468523437,7.713031705,6.102834414,1
0.142653427,2.828106928,7.088580332,0
1.956328646,8.751453632,3.870406506,1
8.381869924,7.63352047,4.851051798,1
6.140389299,6.517455627,9.927217991,1
1.39563845,3.158581111,8.036911619,0
7.236276174,0.367986899,4.910407201,0
6.719422286,6.388686053,3.808948205,1
3.197722597,5.865287101,9.441949437,1
8.158919331,6.853496904,2.376693369,1
8.574608886,5.961563132,7.032448746,1
0.53985703,4.843744121,8.935485352,0
1.567243279,4.317808108,6.869176659,0
7.39977422,6.265038569,6.473614236,1
2.127618422,6.285332108,0.16494767,0
6.51497294,6.853983482,2.534074661,1
8.024313317,2.393084676,7.860002249,1
4.170736245,5.389936725,7.709902624,1
4.45289649,7.833355953,1.826094676,1
3.692191421,8.987263799,9.022180389,1
1.387425399,5.506690501,9.554230764,1
7.91030165,4.40362434,8.182811493,1
2.855753346,6.763101569,6.447401501,1
7.479935167,0.171321576,9.397951314,0
4.06252937,7.669915247,3.280389076,0
0.787746063,3.928289019,8.932462903,0
6.815507283,1.620144028,1.025047512,0
7.752889589,5.517647727,8.455860497,1
7.408479592,1.90819228,7.576369419,1
6.857753771,4.63767264,1.277675829,0
7.460431358,1.668972694,4.470283907,1
2.091102518,1.508508898,1.967201946,0
9.187337244,5.261930325,9.251179819,1
1.032147418,1.6248869,1.28714294,1
7.164547204,0.881813428,4.014103384,0
2.671336734,9.128100727,7.162092001,1
1.297696814,1.475498729,4.318132599,0
1.10868323,3.034791964,3.991813763,1
7.80555667,9.800814817,7.560340379,1
6.673278497,3.771517757,3.276936928,1
0.278476804,5.421322553,8.928479573,1
7.885088128,8.057148176,3.748310901,1
9.373269233,2.405665318,3.953929147,0
9.358437814,2.565642692,7.05773824,1
9.771412563,0.892134197,7.384921217,1
5.513480629,2.72716612,6.007081643,0
6.86791608,1.470376263,0.309421878,0
5.805940863,1.992417423,1.296446061,1
8.643146329,9.666446535,9.223208468,1
1.217973533,0.791307366,7.655988046,0
2.787526569,9.704948484,4.495106427,1
9.195729965,9.044196204,8.554907869,0
6.036525556,0.344995655,6.867609593,1
4.02731437,6.842050291,8.852113277,1
1.07657381,1.119101039,2.84991112,0
8.533544155,4.408713822,0.997630763,1
2.833334692,2.097788725,5.986476845,0
1.704341718,6.14843895,8.792408844,0
0.891658072,5.729055378,5.577266693,0
7.799763826,4.942069705,4.978157405,1
0.298875182,1.47473545,1.235400905,0
3.24299949,9.220859502,2.896887408,1
0.725093148,4.011178592,0.959473486,0
8.130861927,7.72525015,2.940665519,1
0.817945752,1.233661446,4.259137466,0
7.528641916,3.728769018,5.294580604,1
4.698658078,5.788497046,1.60891395,1
9.231628227,8.815024681,8.013542779,0
2.241003505,3.737559868,9.655008666,0
2.614052833,4.487822283,0.93936904,0
8.67600273,1.76182522,2.053422449,1
0.661100134,5.114265887,9.058955933,0
8.401498698,8.97176085,8.948970855,1
1.86647126,6.865597498,7.985792235,0
8.315493576,7.254405792,3.77078991,0
5.796583554,8.039319291,7.044435145,0
0.64722003,8.328530481,5.713883594,0
4.523148939,6.109251575,6.78845967,1
9.461695602,4.359179779,6.664000785,1
4.488345303,7.511173758,1.530540533,1
2.900329289,0.792495407,4.824365669,0
7.206518088,6.228989067,4.835968262,1
2.112956909,5.336464945,1.320410413,1
5.971333939,5.61982281,8.402852239,1
9.816779169,2.419969264,0.894351685,1
7.165641246,6.602064801,1.593196671,1
7.458214651,1.426093992,4.234400593,0
3.267231379,1.703064174,4.265658339,0
0.393860659,3.517254004,0.426235274,0
6.617666535,2.285713661,7.325223657,0
6.595445632,4.174795392,4.597660618,1
8.826557008,6.856500695,7.176378045,1
9.056362886,9.7595835,6.702164653,1
3.969767185,8.005258447,0.951341862,1
4.068141004,2.74348137,0.971355196,0
8.731543516,2.583898082,8.620286833,1
1.362646168,3.819553717,8.400308363,0
2.03542157,4.245742952,3.486925799,0
7.419588313,9.600478461,4.941103705,1
7.579882836,8.658270838,4.259577971,1
0.380966971,6.651444238,2.097107645,0
4.964608689,3.120629533,2.051206796,0
9.796070032,7.5197868,6.103655247,1
6.839803929,1.76480335,5.463029851,0
3.206533919,2.25926764,4.839821134,0
5.55001341,8.48694731,0.346019846,1
9.05164241,4.226027905,3.921928687,1
7.61959364,3.326435448,4.825136979,1
0.57766298,5.008963429,7.804949952,0
8.133833702,8.859100523,2.25876004,1
7.734925888,3.54152135,1.184954601,1
1.50971183,0.479845491,4.677812132,0
9.005441383,3.869902179,2.504026043,1
1.524247666,8.248454301,7.345335324,1
1.282108773,7.021269785,6.187219464,0
5.48189152,3.600596096,1.313785832,1
6.999610035,6.522536641,1.209161264,1
2.357697282,2.296599137,8.657772892,0
0.303625846,1.177705559,5.057751491,0
4.28463554,1.417092544,0.577420054,0
9.94186612,7.276156582,7.240829387,0
5.152365075,8.619464454,2.167032575,1
9.23202778,8.211724244,6.77650181,1
4.844664544,6.668164392,4.403398171,1
1.85807841,4.02552935,4.827462462,0
8.047730837,7.748507367,2.083951956,1
1.086380811,3.236447695,4.761436692,0
5.824191795,1.731750725,7.533001715,0
4.048403778,9.953766656,3.592251494,1
6.791884512,6.524149819,1.108314624,1
3.588925535,6.205733016,5.035283403,1
3.618253799,1.684279926,9.216479582,0
7.368134921,7.870799315,7.872415379,1
7.018007377,9.314282763,9.164720618,1
8.321172612,9.884780175,0.020829593,1
6.097261064,8.062595946,4.392218716,1
6.375181757,7.565893718,4.399303273,1
1.05860041,4.514581224,7.859970632,0
3.601409462,6.313202914,3.196572525,1
2.668806149,8.132154484,1.261590798,1
3.879032877,6.545970138,4.076899823,1
9.513816944,7.923927751,1.784509614,1
5.969724143,8.243264402,5.992625682,0
4.579632373,3.874886147,8.96382218,0
5.291259819,0.320093771,0.248255873,0
5.270610843,9.732465873,7.16327979,1
0.839915184,1.262991115,8.336125174,0
1.602374198,1.074560778,7.278077249,0
5.083240239,1.859176545,9.83446467,0
3.633044594,4.935561957,5.241119859,0
2.373538195,8.854765569,5.675703764,1
9.61978256,9.892386132,4.989001167,1
6.440687893,8.987160899,7.813175509,1
3.360458083,5.386803541,3.385250518,0
6.897130649,0.957588903,1.72943449,0
0.368003647,4.005392573,0.264806374,0
8.548430996,9.818029488,4.761182924,1
0.62749518,5.788432476,4.141922774,0
5.260349134,6.002190907,9.807250684,1
7.435138915,9.758093239,3.599930163,1
9.868052368,7.607907159,1.549986494,1
8.845161765,1.51839211,8.55412916,1
3.055135299,3.522905042,9.648243194,0
7.20562409,0.605917435,5.522441762,0
6.15465036,8.803051492,2.029778033,1
8.760857912,7.108271628,8.809374576,1
5.312594825,5.812872542,8.1701823,1
5.9374886,5.377703928,9.283522549,1
7.009984074,8.986207456,0.78520888,1
3.852132504,4.683450071,9.836561002,0
4.487306946,1.517588027,4.331628563,0
3.669642452,3.243556715,5.525110741,0
7.544263038,6.80286024,8.258432285,1
8.526967663,8.991995431,4.623509015,1
8.644285891,5.2376714,2.02835071,0
6.760036127,9.65181475,6.82347235,1
2.618239772,2.826401722,4.017919637,0
0.544652826,2.487444748,2.814738493,0
5.791569633,6.160471229,3.251466304,1
6.101709184,8.521722028,5.861149398,0
0.405176978,9.331887928,2.355827501,1
3.096456765,0.966305081,2.32479249,0
1.354908936,6.330763749,2.884544743,0
0.469932663,8.492306591,0.586246192,0
2.236610962,4.820412923,4.216366966,0
6.573820729,8.636545757,4.236333837,1
8.567563399,8.616362108,8.864356586,1
0.006213926,8.597446797,2.343940715,0
4.308231059,9.192438546,9.530608461,1
9.861862185,5.319844125,8.833918638,1
6.83877289,3.781468501,7.922308237,1
4.998932248,9.145308267,0.846765887,0
8.598054203,8.124708417,3.041060117,1
7.40454691,7.347952856,6.161951523,1
5.353841966,0.749537035,9.801852047,0
9.299636145,1.329248683,0.692684525,1
9.907522194,8.471405067,0.667600654,1
1.890692245,5.151129789,5.615822481,0
8.725468286,9.362356742,7.346113199,1
5.811155618,7.907595795,3.617097817,0
0.240077442,6.489489998,8.264054102,0
5.521407565,2.571672242,2.624303476,0
7.53221038,8.31094695,7.898097394,0
6.359964052,2.600868221,4.919270619,0
2.587838977,2.077982009,8.454755873,0
1.972916324,6.554563718,5.023404404,0
9.211875842,4.858284253,3.37544369,1
8.250773188,7.325233161,0.64654737,1
2.755556711,0.812271953,7.179528755,1
9.61585224,7.525145747,0.040255589,1
7.784838425,7.269276718,3.588756756,0
1.194964628,0.387226924,8.73125065,0
9.106262979,0.732221541,0.013934948,1
6.763794153,4.884402259,4.402150299,1
4.118428264,5.128870034,4.876857381,1
7.873743155,0.902710722,4.90413015,0
7.402802009,8.085267861,9.513660482,0
5.889473149,3.528465118,3.681345033,1
0.355795725,8.927644542,5.037365546,1
8.878171347,2.287152289,5.872237242,1
7.425381488,9.605304775,1.34528622,0
4.274911759,3.99164351,3.020039269,0
2.262093101,5.232341201,5.534113461,0
3.366573471,2.227798447,3.934474986,0
3.292824744,3.590772672,6.242174495,0
8.578740565,4.051730808,4.510330413,1
4.72217302,1.586862984,3.855016727,0
3.669033005,6.343125599,0.369880982,1
3.773455219,6.790905777,1.639109185,1
4.655747003,4.721369027,8.107837547,1
7.685809818,0.001549904,7.05996659,0
8.891401437,5.231774976,8.995785697,1
8.053407516,3.770991948,5.811849654,1
7.714818042,0.247443912,3.630778909,0
0.320968689,5.822833308,2.476549011,0
5.938742327,9.001500862,6.147909857,0
6.992269515,3.453049044,5.440739904,1
1.835040107,4.788154286,3.453072468,0
8.918882508,1.113363755,2.244243279,0
8.370510719,3.056654803,1.84357383,1
7.738712053,8.45853818,6.53764866,1
8.977770747,8.039647439,5.473655195,1
1.70643584,6.9397727,5.141177234,0
4.165846535,4.037357437,7.382539329,0
8.446289839,4.849373198,7.773134057,1
2.155694557,6.41474071,7.086692092,0
9.765090411,5.530515311,5.611332426,1
3.334742372,4.690483285,3.416445614,0
9.809804846,7.101077234,3.41002795,1
3.287683053,4.07786169,5.659328288,1
4.928598086,1.84262896,5.997764165,0
8.845812987,2.176345558,6.344892892,1
6.167131024,8.469729764,1.628461687,1
5.638893019,0.824241534,3.634611658,0
1.125050136,0.220395649,2.126240994,0
8.509071937,1.158723864,9.510310999,1
3.255617678,4.248373999,9.197377849,0
2.495906614,8.537685317,5.225362482,1
7.02716304,8.441163411,4.114705896,1
8.17631157,2.991587528,4.269897736,1
4.495245974,2.258563411,8.734173033,0
5.952560383,9.818728038,1.877057312,1
3.056623477,1.268157526,6.741873748,0
5.294964669,6.624218297,7.794953703,1
7.355505585,4.892253589,3.566431409,1
2.197861143,6.861264162,9.599917392,1
1.326074766,3.754836122,6.121662145,0
6.8350402,8.436905107,3.028450632,1
5.256122329,2.305531002,3.180629545,1
6.536261073,4.257125544,8.966816332,1
0.661935014,0.901893194,9.621220629,0
2.732940658,4.250147681,8.231988169,0
5.203699866,0.259757101,9.968873659,0
3.284516306,0.079654807,8.32752849,0
1.692460097,2.131759013,2.845130362,0
9.059509523,1.098337998,1.05347805,1
3.471172423,5.492339078,3.366538437,0
2.649072756,7.262925206,9.603207961,1
6.461824735,3.535535336,3.596643857,1
8.390116199,2.119881395,5.095798902,1
9.922598276,9.357040489,8.255268591,1
0.382881666,4.345442544,0.118498709,0
9.089744282,7.426627522,6.622131268,1
5.568275905,9.904132712,6.081838193,0
9.753890092,8.374789358,0.775073461,1
2.358929183,6.447291241,1.241792673,0
5.6783314,1.710528843,1.8444771,0
7.916308348,0.88454928,3.379139232,0
0.485974815,0.946326112,1.377818331,0
7.806540403,4.727795584,7.295082782,1
3.60822365,2.601681887,0.98603496,0
0.630690105,1.629073004,9.822846113,0
2.879737825,9.057540295,4.337692417,1
3.681378485,4.325731047,5.140539557,0
9.293062847,4.78019819,4.856659553,1
1.748628077,2.123628233,5.382649265,0
0.25482825,4.710487332,7.131355677,0
2.045459326,6.183471174,4.147094631,0
4.697399677,7.021387719,4.115824112,1
0.797306415,8.062235895,5.650528967,0
9.543619985,3.985105796,6.574321397,1
0.202657472,9.436560928,7.701375283,1
2.884081727,7.331144865,6.58215171,1
0.618302187,4.655788489,4.74261957,0
4.697736897,9.119606789,0.657360106,1
4.170017188,5.916113585,5.086530463,1
1.552893323,5.705668299,1.824856652,0
0.445679422,6.1779528,9.840543618,0
4.031687232,6.426134617,2.317696828,0
3.586436146,2.436992842,7.16174046,0
7.066191065,0.673878666,0.089384672,0
8.124806938,5.226693425,5.043920127,1
5.324217202,6.96111895,0.398683967,0
5.807391587,6.072514224,0.805244023,1
4.526777049,5.988160327,4.937454341,1
1.376347401,2.057962108,9.734024641,1
8.434609317,7.969017782,2.636311505,0
8.365534222,1.657731958,7.223984545,1
7.869281854,9.260295138,3.267020887,1
8.691212715,0.127404649,8.495076117,0
4.603736469,7.629911087,9.343059718,1
8.569150332,3.89833095,3.891669578,1
7.033673416,5.395105776,9.66141441,1
4.211385173,8.658444507,8.509448038,1
4.117340729,8.575399759,5.564546129,1
2.359375767,1.239561544,1.681130809,0
2.586658306,4.598491476,4.933810481,0
2.700972035,5.361496055,6.910066382,1
1.574659424,8.097022047,4.731354002,1
8.967095211,8.087091532,9.552038789,1
5.715989106,0.117134285,8.011795835,0
8.30298249,2.798831016,5.979936426,1
7.435801139,4.6541754,1.43020476,1
4.934887063,2.055469916,2.505746602,0
8.510032569,2.135808367,1.26935075,1
7.540213216,4.980929524,2.446483969,1
9.966555728,1.985346259,2.931923341,1
8.950109936,5.10513796,2.208492628,1
4.610163671,6.190328433,8.476113781,1
4.252087645,7.969977237,8.007247072,1
7.153773011,8.222074698,3.938821438,1
5.143009998,1.139444672,8.214359951,0
8.540137149,1.668873738,1.706067138,1
3.6309255,0.150208006,9.192286581,0
9.965935128,8.378011328,1.895316356,1
6.227967236,7.76148871,4.810938644,1
6.721834819,5.434608052,4.933324035,1
8.967228791,6.717507697,3.735023674,1
7.663720051,3.507953702,8.730738939,1
2.514943286,9.298145965,9.603062873,1
8.921677425,9.114816494,2.338750769,0
8.339253375,5.375260049,8.773438603,1
1.249616099,8.869871333,1.50395965,0
8.518751275,0.215434812,4.701462262,0
3.771331342,5.316608766,4.348759638,1
7.461205203,9.451826566,9.892712751,1
0.953112314,0.336419288,8.871103631,0
4.991688215,8.974246887,6.170646877,1
0.298605005,6.940708146,3.511505071,0
7.879443497,3.147978754,3.672324217,1
8.591574123,2.944811283,2.21935428,1
1.764758588,8.976001642,7.809551614,1
1.911922266,6.210869152,0.964436633,0
8.28842272,5.569500289,4.907877398,1
1.283241481,6.292442521,1.664561334,0
1.087422385,5.260300788,8.703819272,0
3.92046314,2.198680765,6.532966807,0
8.007818554,4.009278917,0.901890448,1
2.218259182,8.021339285,4.704698909,1
4.207439709,8.246249501,1.833344628,1
7.951769651,1.027284906,6.588918501,1
0.668219773,7.741421768,2.488467805,0
9.760392802,2.022117425,3.305581929,0
6.951677324,2.229583714,1.594752116,1
0.152818123,4.952061748,2.449184434,0
8.412475204,5.722997677,6.073057124,1
3.14401049,1.456192763,7.563748935,0
5.995148414,0.20170058,8.876569153,0
7.026542831,0.854425935,3.163190765,0
0.919609831,1.131367297,4.697938376,0
1.379638465,6.065749194,7.181973585,0
3.4972537,4.455429262,2.494417515,0
6.454559906,5.903254244,3.469551052,1
3.253240276,2.879909567,3.723008416,0
8.962335427,7.430463067,6.987111059,1
7.71817064,6.466020618,8.762790508,0
8.773172248,6.137455841,5.038764705,1
3.850452291,6.15425521,8.344925941,0
4.709402434,7.347963797,8.143298005,1
4.200258847,9.733155944,6.875868055,1
6.682113878,0.246983085,4.99470755,1
1.292736239,6.815587901,4.03955847,0
8.000465473,1.965001566,0.93506066,1
0.923705165,6.158402108,5.938040183,1
4.846233191,5.966028886,4.351493588,0
1.199125668,6.16663024,5.745534601,1
4.160338807,4.865551776,8.727531336,1
0.555599992,3.598766693,0.989821884,0
2.965380889,5.172920615,3.236342652,0
3.483246509,5.227792188,8.821862015,0
9.363738146,4.321639546,1.51136262,1
9.259170997,8.435930499,5.499851221,1
6.096967354,8.291688291,3.509350972,1
4.119373975,0.202588722,1.590099168,1
6.744959585,5.217269346,4.208459317,1
9.485729556,9.256171905,8.540617399,1
5.472479415,1.02959032,0.147335407,1
3.735387998,1.318513681,0.660320367,0
3.20299394,2.744015272,2.395467843,0
0.425424666,3.44053768,7.455174974,0
2.900964811,1.325920532,4.134685727,0
0.029058596,5.526569776,1.757627529,1
9.384831215,9.410841549,1.382933942,1
5.252380915,7.979771583,4.193804949,1
4.140135051,0.936843204,3.796702729,0
9.893438447,3.662770937,8.898607408,1
9.532323684,6.876574082,3.60084479,1
6.592167445,4.983980158,2.81161593,1
6.974045593,0.989169732,1.81123729,0
5.911139751,5.370140169,7.469953432,1
9.160059206,0.860923592,1.261262797,1
7.610493838,4.951808639,0.747343837,0
9.893825464,0.597090804,8.427323184,1
6.678483346,0.320691705,3.958324994,0
5.106134847,8.272566525,3.415097967,1
4.336028612,1.165603936,0.545863222,1
7.556894638,1.087750306,0.683452463,0
0.360278401,3.753098976,9.163952114,0
7.42116022,6.657791581,8.25563955,1
8.070480131,3.823983464,6.456580779,0
1.016554896,9.205864306,4.225435297,1
0.534381281,3.96137697,8.061866375,0
6.233650948,4.161638371,7.152916833,1
4.507514302,5.416487931,0.870159784,1
9.077520045,1.88974242,1.340420682,1
5.311035432,1.759939282,8.884007258,0
9.39632394,4.040053816,8.08066418,1
7.199431232,0.060393717,4.598884403,0
3.147400489,3.700169848,2.309411775,0
7.922874525,8.956493763,5.281653416,1
0.965599764,8.094871884,4.315788727,1
7.716214833,0.199884185,7.532098082,0
1.316619008,8.952589747,9.48900266,1
5.463720805,8.050898653,7.858242242,1
3.827443483,3.545686941,3.386648043,0
7.893824143,8.323952144,8.897014271,1
8.900733045,2.108490444,5.611335877,1
3.662996763,6.52849623,7.17398538,1
6.831979706,4.219902425,9.902796317,1
2.344363003,8.771704969,0.134987365,1
6.704456041,7.424262499,1.680496537,1
8.941520719,0.732539917,7.220854457,1
2.256198516,9.544213347,0.140530899,1
2.495734567,2.810999726,5.891011844,0
5.294285705,7.479182817,1.178416933,1
4.396262899,0.102827497,2.023316192,0
0.241442239,9.761000509,1.954718945,1
9.157044779,7.016128272,6.655487603,1
2.668864531,7.596491653,7.802450824,1
6.667613559,7.996003584,4.579225435,1
4.856852262,7.768859358,8.950884512,1
5.501521287,1.518920151,8.756592387,0
4.059007384,1.764403436,3.96230166,0
4.182945716,0.015410087,5.927860808,0
0.771966445,2.788775612,5.939037367,0
9.673063036,7.420230795,6.462162009,1
9.932509151,5.232715255,8.181996574,1
0.34356045,1.151776258,7.298301778,0
9.175324866,8.071042446,3.902616422,1
8.426396249,5.94913679,6.413732835,1
1.475903657,9.124592859,6.392847245,1
4.596084529,4.666182316,2.599996333,1
7.889138387,9.561422769,7.296343382,1
4.49365637,0.737876113,5.203048063,0
0.323555238,5.125023397,5.969342231,0
9.74033357,5.848025499,4.986074933,1
9.784490217,8.910556335,7.023623477,1
9.14024725,6.702946722,7.0523454,1
0.644831578,0.393932969,1.948944927,0
0.478686155,4.086394564,5.835021083,0
9.122493837,7.604197575,6.369033657,1
2.756984467,7.816919286,4.932307167,1
0.017406424,8.453527097,2.979834022,0
9.280928786,5.35525005,8.712809795,1
0.7035353,8.073334281,9.249794355,0
4.67953939,2.820232249,6.422629687,0
0.037484853,4.910088009,4.542494288,0
4.765915313,1.701829654,4.119390544,0
7.41202245,7.266075938,5.021072433,1
4.794488919,4.425117244,5.785459711,1
6.168194409,3.828216331,9.370254934,1
1.598579475,3.833201747,2.983009066,0
8.454611534,1.774689834,8.686391054,1
4.16706547,8.541163235,8.395906993,1
7.82156781,2.561926887,8.822643198,1
1.44789732,0.82606722,0.804648963,0
1.206069263,5.752312368,1.532982457,0
6.910942807,5.708960158,9.389666725,1
6.617210751,8.387512996,4.40979847,1
1.897173892,7.466737181,8.402919646,1
1.842901576,1.659447455,4.082987408,0
7.035775883,5.438582361,8.397433534,1
1.765422536,7.746815744,9.485929227,1
4.86008259,4.107363079,5.665835829,0
3.948512129,3.578883127,9.819130727,0
9.993208811,4.155968201,9.009978274,1
3.781495103,9.009368851,7.17842046,1
1.520551267,7.26545678,8.347721177,0
4.946609611,6.251395192,5.745780727,1
1.254869767,0.573845707,9.345898843,0
9.542140993,7.954461403,0.343966281,1
6.036952971,6.779668696,4.493235549,1
9.837235664,4.029565817,0.664748767,1
2.373421923,5.604826412,7.184412025,0
4.92930423,4.559892292,2.285035987,1
2.154932669,9.167701089,1.731361124,0
2.391277406,0.132998845,7.605230226,0
6.695779086,2.47146655,4.705017924,1
3.949458663,2.90717564,6.253843765,0
2.851174922,8.132767957,2.63391223,1
0.16756032,1.51866417,6.518035405,0
2.030523745,1.959059223,8.29018669,0
1.840201758,8.161137371,6.645297524,1
3.543820879,4.8726638,6.218333211,0
0.758221384,0.552344128,2.838623752,1
0.152636128,6.28799117,4.160826699,0
1.946489732,5.586823033,3.057415969,0
0.084137167,0.118465221,6.104550564,0
9.193426067,4.772165787,7.398065773,1
3.80977465,6.808771378,1.110385404,1
3.32603033,3.703816595,8.993450906,0
7.487279724,0.545099601,1.890520666,0
6.939770231,7.257778005,1.316305289,1
0.846261946,7.568109576,4.283996258,0
5.480635286,4.06660204,2.404174255,1
8.435133009,7.449204919,0.039702884,1
0.245773389,5.437375445,3.692129361,0
3.873069684,1.151315613,5.034774691,1
4.255034999,3.262357045,4.125037373,0
9.22758315,0.195293634,4.493553919,1
3.404378741,7.151743925,0.196947969,1
8.492672128,0.436087657,9.319679596,0
5.837752936,2.841203926,9.748417909,0
7.77528326,9.922462597,8.819617696,1
1.841702454,2.115835874,2.016510147,1
6.063595809,0.825567236,3.030463745,0
4.574928711,1.688840682,8.876969434,0
4.090802011,6.132673044,9.935963894,1
1.672582717,0.833817402,9.241385282,0
0.206544276,0.963179568,5.96811624,0
1.695951195,4.311780439,4.91494397,0
9.688611722,5.018698991,5.23940658,1
9.699631023,3.886616524,2.90260715,1
3.276562873,5.135823688,4.957534051,0
1.371702865,1.469025946,6.548779179,1
2.458974299,0.424639007,7.700735024,0
8.830147736,3.268963569,9.846164629,1
7.637049937,9.781763057,0.67741348,1
4.198129798,5.23254621,5.418501156,1
7.516530438,7.072615812,7.536383046,1
3.94481666,6.146808563,3.845689842,0
1.273449161,7.440168296,6.181731784,0
6.229503932,4.917780015,0.853600204,1
9.790083097,8.762901494,0.252696104,1
7.617659718,5.670558181,1.417122705,1
1.79789949,9.784511081,8.565632917,1
0.180658974,9.263729553,3.200764361,1
8.733300175,8.506918098,2.984983618,0
1.346245481,5.043341139,8.216472821,0
2.660401583,3.214465814,8.75075779,0
9.072910655,1.972892679,9.55971044,1
0.483144574,1.547802544,8.38650935,0
8.536192468,0.228722905,0.509920686,0
0.055412507,4.952002177,9.622512164,0
7.205349739,5.300973524,5.61460323,1
4.528879539,8.744723352,5.098762277,1
0.1700297,4.904988437,9.686079532,0
4.972139071,9.276990668,5.652654257,1
8.276462853,0.215387837,1.743229928,0
4.903286474,6.346819099,8.758850827,1
2.496577668,3.543047876,7.158624679,0
7.677866074,4.99473746,0.311852663,1
1.239141539,1.964190482,1.338930376,0
4.96188706,7.481230077,8.246526054,1
0.166101049,5.905709568,3.152864761,0
8.960903906,9.470012766,2.864230476,1
5.117310145,9.301082857,1.019832387,1
7.836774645,1.166633308,9.584700304,1
4.81519935,8.534783706,8.995052345,1
5.226339124,7.575618996,7.10381098,1
9.710689668,1.529246003,1.448439685,1
4.96923999,0.997194185,8.694756088,0
2.324126268,6.700227818,6.684945024,1
1.285714418,7.143491247,9.024430896,0
8.625359813,4.732291634,0.25809336,1
4.038525684,9.198870872,3.651490215,1
5.82211445,8.217107764,7.130746184,0
2.881713739,5.396522807,2.812032586,0
9.24530678,1.673759032,5.091047005,1
6.880359268,3.136226287,4.731040663,1
2.3412053,8.970019088,4.705187461,1
9.830373486,3.272364235,8.631995913,1
4.55132522,5.830205091,1.099367945,1
2.364719968,2.857801336,4.416187388,0
9.997703475,7.99307791,8.330080807,1
3.554456845,9.387668907,6.893768822,0
8.639478044,0.683678333,8.141874589,1
8.882652053,6.444873442,0.603320389,1
8.238065489,7.702648193,0.545790214,1
9.849389953,0.962738162,1.668723421,0
9.526585958,9.887625739,4.11885178,1
4.250706858,8.024003086,0.999210428,1
4.39193887,6.129407842,5.747144528,1
8.313248843,1.631080581,7.091824215,1
3.583432609,1.23019761,1.806127277,0
6.121321422,3.788896541,9.527328027,1
6.242094256,2.599653246,6.587483908,0
5.049175271,2.463620123,0.48909047,0
8.529790138,8.788370046,2.659746827,1
4.999474545,8.441199216,1.375419747,1
8.105749458,4.720212595,5.430683421,1
0.295488274,2.479494109,1.955379977,0
0.275020055,9.476956456,6.434228183,1
1.790373344,6.511116742,9.969678532,0
9.924699968,2.26794913,2.473767842,0
9.557575998,3.599656282,3.693943845,1
0.503642162,5.873797846,5.257220321,0
7.488533312,5.184170217,9.986233185,1
7.826854575,5.808385846,7.920528958,1
6.827148961,5.59966443,1.872448538,1
0.390408423,0.115366549,3.791096265,0
9.683021554,1.885648029,6.806649579,1
5.637128938,3.796982368,6.353492881,1
4.518013534,2.77667264,6.520431683,0
3.381339167,9.518563308,8.14110804,1
7.483138223,7.023853993,6.358261443,1
9.812827196,9.373289082,3.565580796,1
3.981420177,2.374084489,0.27990988,0
9.886884506,3.95129246,8.6874625,1
7.218519082,0.250296768,4.788763668,0
2.53300669,5.958637666,0.755487537,0
6.765199215,7.38563852,8.032287779,1
5.88562961,5.746827183,0.566080974,1
7.76135862,4.361449945,5.112676413,1
6.302037322,1.621948981,6.687544564,0
3.245014256,3.237721351,6.687790448,0
8.810301314,2.87921003,8.23464035,1
8.948774979,0.763349421,6.008867433,0
7.897516513,4.58915924,3.536818983,1
6.697596268,9.542007284,7.084045409,1
9.254485387,5.276807603,1.66525806,1
4.711576661,2.186540303,4.985856981,0
4.108520789,3.436970928,7.396277179,0
6.337981961,8.106443353,9.062643874,1
8.664487551,7.480350949,4.025178152,1
4.97193929,4.232934624,5.776478201,1
8.122261133,3.722120991,5.371663385,1
8.057508704,5.646207776,1.659703342,1
7.525899207,0.625689807,8.158017475,0
5.955575793,6.234952202,5.155687329,1
5.11970335,9.937895884,0.731726232,1
1.547319926,1.071393579,4.960598397,0
7.972192084,5.069236221,9.27033832,1
6.541469418,1.906592615,2.443745469,0
2.471500181,5.73873994,8.460664085,0
3.862874847,0.237398606,9.750822127,0
0.180323599,6.338552674,7.565017421,0
0.88046146,1.180281378,1.279204858,0
2.566305798,2.903743164,0.864088919,1
3.186621593,5.988646388,8.583836761,1
5.416912755,0.788391539,9.341364648,0
2.458023396,0.485637877,6.308458516,0
0.779597476,8.186593992,6.541032653,0
0.205547393,4.03641768,4.44098255,0
5.79279544,0.024113146,1.593211223,0
7.730229053,0.288707746,1.196129024,0
3.271644986,8.282994432,3.327963831,1
4.983461189,9.486054778,4.65497991,1
3.402213035,1.313927613,0.265012734,0
4.567840966,5.943357562,0.737099716,1
7.401147052,3.990074559,3.865547475,1
3.039047743,8.935189238,1.30298975,1
9.887798626,3.68673081,9.050899395,1
1.112877558,2.499925311,1.239127886,0
4.612933156,1.183294649,0.697902718,0
8.323165665,6.239279858,9.662048742,1
2.99990357,9.885057145,5.514836773,1
8.865120134,1.978038182,5.106032598,1
2.104390082,5.535664256,0.593990191,0
2.424482315,8.98868254,2.592161403,1
4.418432049,3.838251333,7.037634827,0
2.421539495,5.36772859,8.515505292,0
5.640073569,0.586655097,6.731911625,0
7.342075897,8.136572209,6.622376612,1
4.080729249,2.708518287,6.918237894,0
0.307207328,3.121267334,4.051483292,0
4.155180755,1.562400258,4.003458127,0
3.986512964,6.201839179,0.033488721,1
0.207473886,5.054914011,3.226053611,0
2.74818518,0.701982572,2.386325015,0
4.697838396,5.57696626,0.816097077,1